,Global_active_power,Global_reactive_power,Voltage,Global_intensity,Sub_metering_1,Sub_metering_2,Sub_metering_3,Sub_metering_4,Result
0,1209,34,93552,5180,0,546,4926,14680,0
1,3390,226,345725,14398,2033,4187,13341,36946,1
2,2203,161,347373,9247,1063,2621,14018,19028,0
3,1666,150,348479,7094,839,7602,6197,13131,1
4,2225,160,348923,9312,0,2648,14063,20384,0
5,1723,144,347096,7266,1765,2692,10456,13808,1
6,2341,186,347305,9896,3151,350,11131,24390,0
7,4773,221,345795,20200,2669,425,14726,61736,1
8,2550,149,348029,11002,1703,5082,6891,28824,1
9,2743,240,350495,11450,6620,1962,5795,31341,0
10,3934,165,347940,16341,1086,2533,14979,46970,1
11,1528,178,351025,6505,0,314,6976,18189,0
12,2072,208,350306,8764,2207,4419,9176,18741,1
13,3174,196,346854,13350,1252,5162,11329,35163,1
14,2796,312,346377,11952,3072,7893,12516,23120,1
15,3494,150,345451,14687,0,347,6502,51387,1
16,2749,148,345785,11400,0,352,5880,39584,1
17,1269,190,348399,5348,0,348,6562,14243,0
18,1014,196,350722,4340,0,344,4765,11791,1
19,3259,202,345240,13648,1051,7597,10896,34779,0
20,2713,173,346313,11354,1483,379,7602,35758,0
21,1508,192,345129,6543,1336,402,5678,17723,1
22,2447,246,346899,10487,1987,8177,12810,17819,1
23,2241,207,344990,9434,0,467,17547,19342,1
24,1869,207,346302,7950,1688,4267,9790,15405,1
25,2154,228,347079,9155,771,4456,11012,19674,1
26,2255,230,347264,9587,1378,2170,12415,21623,0
27,1461,199,347815,6205,0,439,8276,15639,0
28,3186,290,344568,13612,7806,2975,11341,30991,0
29,3009,227,343904,12912,1777,4215,12975,31190,0
30,2148,174,347386,9016,1099,2239,15163,17310,1
31,1686,185,348400,7165,2063,644,6583,18816,0
32,2847,200,347047,11928,3500,5737,16064,22160,0
33,1821,177,346886,7693,0,336,13491,16530,0
34,1480,170,345831,6301,2103,330,7172,15068,0
35,3133,238,343969,13461,4324,5222,11440,31242,0
36,3407,229,344114,14674,10346,5567,11599,29275,1
37,2180,168,347908,9151,1054,2983,11361,20943,1
38,1777,138,349578,7575,0,1064,5061,23502,1
39,2987,178,347699,12576,3464,2480,11744,32109,0
40,1596,144,350531,6666,1158,262,11239,13946,0
41,1617,142,349591,6798,1163,261,8238,17304,0
42,2044,148,347927,8567,1170,3896,12374,16627,1
43,3091,153,346039,13148,3466,3998,12063,31999,0
44,1982,165,346938,8336,1123,294,15254,16373,1
45,1707,180,348250,7240,1123,1424,8149,17767,0
46,2363,185,345486,9969,0,5950,15052,18393,0
47,1824,150,346164,7678,1170,386,13145,15711,1
48,1667,139,346081,7013,0,356,11338,16101,0
49,4029,245,344030,17015,4746,4573,17834,40009,0
50,3595,186,345071,15214,3391,4597,14472,37472,0
51,1645,147,346766,6941,896,2564,7849,16112,0
52,1273,142,347420,5431,1185,405,4517,15117,1
53,2328,177,347255,9780,3299,3513,11986,20002,0
54,1801,138,348188,7557,2226,366,10157,17274,0
55,1620,158,348106,6807,0,3045,9770,14188,1
56,2829,192,345653,11957,5071,2831,14405,24848,0
57,3571,204,344888,15158,2430,4765,13114,39211,0
58,1877,136,345741,7924,2227,399,11517,17150,0
59,1414,134,347280,5967,0,2828,6256,14491,0
60,2498,202,346140,10533,3295,3793,11579,22977,1
61,1985,165,346563,8381,0,2363,14028,16698,0
62,1702,151,346782,7266,1148,859,8689,17679,0
63,2076,238,344615,8826,1765,2226,7157,23467,1
64,3829,255,344405,16183,6107,8003,13129,36590,0
65,2186,176,345297,9276,1634,2900,13085,18824,1
66,3149,187,345406,13202,2058,5191,9713,35536,0
67,2072,189,346263,8747,3527,2332,11548,17140,0
68,3374,138,343628,14214,1411,4132,12287,38409,0
69,1313,149,346587,5508,0,503,10786,10602,1
70,714,122,345402,3003,0,363,3562,7990,0
71,501,113,348021,2105,0,329,1660,6373,1
72,568,108,347433,2388,0,331,2830,6313,0
73,518,113,349839,2195,0,314,1924,6397,0
74,520,113,348709,2201,0,340,1973,6366,0
75,517,107,347502,2172,0,316,1980,6330,0
76,515,107,346451,2169,0,340,1969,6285,0
77,819,134,347454,3457,0,347,4597,8708,1
78,2090,175,345642,8867,1476,8711,9408,15249,0
79,2660,205,345644,11290,5727,12109,10026,16476,0
80,1246,186,347022,5321,0,1740,4700,14335,0
81,2375,171,346065,9986,1076,4761,15513,18236,0
82,1572,187,346558,6717,2180,3385,6655,13982,0
83,1272,119,346879,5372,1093,345,8631,11141,1
84,2484,243,345316,10572,4130,5422,10979,20880,0
85,3480,173,345610,14574,4810,3420,9500,40280,0
86,1950,134,346404,8248,1403,2841,12353,15914,0
87,1290,126,346893,5480,1350,3859,5323,10970,1
88,1793,157,346719,7585,3485,480,8607,17317,0
89,1884,159,346003,7953,0,3263,11036,17114,0
90,1702,130,344919,7189,1106,4604,5370,17287,0
91,2028,127,343043,8562,2208,359,12275,18959,0
92,2371,241,347108,10091,6564,7369,5856,19728,1
93,2152,144,346315,9046,1648,2686,14118,17423,0
94,2086,164,346774,8857,3745,2837,11255,16933,0
95,2142,142,347020,8981,1865,4133,12335,17368,0
96,1454,113,348139,6081,353,736,10462,12698,0
97,1309,119,347969,5477,1127,777,8369,11543,0
98,2968,191,345174,12532,3707,5797,16382,23587,1
99,3338,236,345644,14000,4630,3600,9375,38035,1
100,1416,160,347525,6023,1088,344,9096,13073,0
101,1105,151,346466,4747,0,3019,3697,11703,0
102,2333,196,346240,9870,1122,8527,13888,15361,0
103,1590,198,346372,6734,1162,460,10724,14160,0
104,1402,181,347096,6032,1094,468,8217,13594,0
105,3509,231,344535,14781,2620,7707,17682,30482,0
106,2785,202,345635,11735,4629,5401,19509,16893,0
107,1960,174,346262,8226,1755,970,16641,13313,0
108,1642,168,346327,6978,3630,1042,7637,15071,1
109,2051,172,346077,8620,3434,420,14748,15595,1
110,1844,244,347289,7907,1086,4277,10523,14848,1
111,1601,143,347305,6751,0,5466,9166,12053,0
112,1553,138,346145,6572,1127,3111,5923,15737,0
113,1608,135,346102,6796,0,485,3545,22783,1
114,1000,160,346392,4283,2667,514,3801,9700,1
115,777,148,346771,3380,209,742,2572,9433,1
116,887,192,347262,3771,0,1112,6421,7258,0
117,537,147,345968,2301,0,541,1818,6602,0
118,551,151,345672,2366,0,558,1988,6637,0
119,554,155,346050,2377,0,578,2008,6651,1
120,726,171,345940,3148,0,1026,2893,8183,0
121,952,186,346546,4136,952,1305,4656,8960,0
122,1223,218,345881,5314,1532,389,6199,12275,0
123,998,165,345811,4313,1579,355,3430,11273,1
124,1028,149,346218,4400,733,1605,5748,9058,1
125,822,145,345791,3592,1069,360,3499,8781,0
126,1673,212,344467,7251,6575,463,11129,9727,0
127,2233,267,345036,9631,4264,2287,11102,19575,1
128,1054,135,341619,4700,1402,506,6005,9663,1
129,1032,135,338896,4528,1125,527,6680,8869,1
130,1264,164,338315,5555,0,1469,8812,10788,1
131,1275,163,338093,5650,1324,1845,7163,10925,1
132,1094,161,338711,4769,1772,545,4756,11165,0
133,1113,163,338660,4850,1772,563,4756,11470,0
134,1113,163,338660,4850,1772,563,4756,11470,0
135,814,160,338452,3613,1214,853,3299,8213,0
136,1663,181,337937,7305,4005,995,8546,14184,0
137,1003,160,339238,4523,7,1490,3754,11473,0
138,1090,150,338594,4762,1906,1725,7836,6703,0
139,998,174,339422,4432,2259,538,3990,9848,0
140,1563,174,338450,6819,2913,2493,11303,9341,0
141,2102,182,337549,9228,3215,949,10095,20776,0
142,1643,168,337733,7172,946,4935,9433,12080,1
143,1789,181,338264,7713,4581,2011,8777,14452,0
144,1665,183,338218,7280,3018,5631,9474,9639,0
145,707,168,339546,3177,946,534,3261,7057,0
146,979,132,338730,4359,926,491,6471,8431,0
147,1441,209,338000,6279,2247,1075,10408,10296,0
148,1634,220,339420,7155,3612,2414,8958,12261,0
149,1467,298,339393,6586,3176,2417,5517,13353,0
150,904,111,339281,3935,0,408,5318,9347,0
151,1692,135,338775,7303,2213,5756,9077,11169,1
152,1231,131,339650,5358,1014,2073,7687,9756,0
153,1631,171,339832,7022,3270,3913,8116,11893,1
154,1429,167,338320,6219,4683,530,7022,11589,1
155,1968,187,338901,8555,5420,1733,7611,18041,0
156,1120,117,337956,4807,0,468,9060,9139,0
157,1132,128,339092,4895,931,3966,3984,9999,0
158,1464,165,338129,6332,956,3792,8119,11548,1
159,1154,135,339186,4985,955,4116,4746,9422,0
160,1614,174,337603,7003,8060,586,6539,11718,0
161,1512,174,338500,6570,2373,2754,8628,11449,0
162,2153,219,338268,9369,4366,5534,10444,15552,0
163,1637,151,338265,7087,4554,473,9586,12678,1
164,1061,113,339399,4618,0,1907,4332,11450,1
165,1609,147,338157,6952,2250,5948,7804,10829,0
166,938,129,338539,4020,935,477,3552,10678,0
167,1046,143,338862,4517,0,485,7664,9285,0
168,1484,166,337635,6442,3971,1250,7633,11885,0
169,2108,182,338057,9148,4985,7529,8334,14285,1
170,911,223,338037,4063,1585,836,4533,8239,1
171,1458,255,337957,6429,4484,1027,6448,12355,0
172,1693,231,337857,7352,3329,829,11663,12411,0
173,985,172,337649,4294,985,699,3959,10773,0
174,2148,229,340124,9285,2799,11440,11380,10181,1
175,1137,232,346542,4891,990,825,7254,9883,0
176,1340,239,346815,5768,4202,1924,5983,10237,1
177,794,194,346833,3481,0,487,5328,7429,0
178,918,216,345923,4116,1882,475,3898,9057,1
179,927,208,346172,4057,957,857,5216,8424,0
180,1259,231,345380,5447,3322,2147,7054,8461,0
181,989,251,346268,4415,2269,4011,4547,5666,0
182,2017,307,344882,8603,3289,4498,11108,14734,0
183,1947,239,345915,8307,4124,5038,8734,14555,0
184,678,180,346717,2993,0,529,4241,6537,1
185,842,187,345985,3683,973,535,4357,8177,1
186,1074,227,345824,4761,1761,2588,5106,8449,1
187,806,222,346427,3601,932,2400,3711,6406,1
188,566,208,346803,2602,0,951,3482,5005,1
189,477,193,346059,2211,0,786,2402,4771,0
190,714,179,347230,3178,0,791,3449,7670,0
191,1072,197,346208,4679,1985,3621,4816,7448,1
192,944,182,345736,4142,971,1334,5231,8212,1
193,1480,206,345252,6377,2603,6451,7270,8356,0
194,1295,217,344770,5601,0,4368,9541,7681,1
195,1305,206,345860,5679,4363,668,6815,9914,0
196,1335,188,345616,5718,3049,792,8376,10038,1
197,1026,172,345696,4436,969,736,4690,10716,1
198,967,176,346567,4215,1018,5281,3445,6373,1
199,1059,180,345869,4652,467,3214,4695,9289,0
200,1003,253,346549,4457,2329,2218,5632,6544,0
201,1057,246,346239,4655,2922,770,3973,9956,0
202,1069,219,346463,4706,2826,3563,4005,7431,0
203,1358,214,345470,5810,997,3047,10177,8415,0
204,1089,196,346088,4736,1825,2831,5277,8218,0
205,1180,172,346489,5063,923,594,9386,8766,1
206,908,176,345575,4011,67,2227,4631,8213,1
207,722,153,347083,3167,1015,647,5284,5093,0
208,1069,209,346701,4656,1029,2550,6419,7828,1
209,794,206,346830,3529,0,633,4427,8179,0
210,1288,258,347460,5607,3775,1968,6604,9122,0
211,1041,258,346398,4596,973,934,5791,9663,0
212,853,233,340570,3831,830,695,4176,8526,1
213,719,176,338027,3277,848,694,3335,7116,1
214,757,156,332767,3437,909,671,4628,6410,1
215,677,187,337337,3087,1068,703,3130,6397,1
216,1110,223,339219,4970,2111,2418,4765,9213,0
217,1060,236,337329,4739,428,512,7756,8974,1
218,1377,218,339785,6090,7091,2136,5580,8154,1
219,991,143,337681,4429,1747,1288,3847,9634,1
220,825,112,338922,3673,0,1607,5599,6548,1
221,472,108,339323,2130,0,151,2333,5392,0
222,924,115,338318,4086,975,3633,4346,6454,0
223,1202,120,339197,5217,1837,49,7157,10998,0
224,1621,178,339130,7115,907,10265,6559,9300,0
225,321,118,339425,1488,0,0,1288,4063,0
226,466,129,339163,2112,0,0,2528,5252,1
227,812,145,338277,3603,3277,0,3575,6686,0
228,1064,144,338375,4636,1583,0,9812,6346,0
229,1019,144,338193,4445,482,0,6869,9639,1
230,1063,125,337659,4618,958,0,9139,7625,1
231,1144,139,338770,4971,552,398,7966,10167,0
232,787,151,338565,3509,169,0,6647,6302,0
233,1089,154,337971,4776,1096,0,7985,9080,0
234,1483,131,337757,6373,437,2168,9042,13079,1
235,1125,119,337697,4868,1055,1111,9660,6932,1
236,1071,109,337268,4712,182,4515,6646,6518,1
237,1028,117,337663,4506,336,2651,8287,5859,1
238,1091,115,338371,4731,1180,910,10339,5765,0
239,1241,127,339357,5389,1123,1156,8582,9837,0
240,1153,130,338711,4966,93,476,11101,7546,0
241,941,132,341389,4109,951,685,6256,7794,1
242,1191,159,345590,5100,338,508,9787,9231,1
243,958,131,345222,4095,962,0,7476,7536,0
244,1009,127,346311,4293,244,0,7769,8818,1
245,347,119,347442,1553,0,0,1830,3969,0
246,1422,160,345533,6137,1025,8912,5989,7778,0
247,1338,155,347473,5707,1032,6965,7383,6934,0
248,642,157,346425,2824,0,38,3296,7375,0
249,1209,154,346776,5142,3048,1836,7241,8038,0
250,1112,157,346532,4795,2502,259,5342,10435,0
251,1656,262,346313,7107,1891,3782,9944,11990,0
252,1150,272,345398,5117,4149,2191,5678,7163,0
253,1314,299,345529,5778,1541,3645,5658,11071,1
254,1211,299,345489,5315,2305,1229,6344,10317,1
255,997,181,344951,4314,1038,2468,5483,7627,0
256,747,175,346672,3282,957,562,4932,6015,0
257,1202,191,346425,5190,3822,2580,4221,9417,0
258,1279,187,345579,5455,1200,666,8738,10726,1
259,1701,289,344672,7294,2497,569,9733,15559,0
260,1662,231,345665,7224,3613,1617,8806,13671,1
261,1038,188,345053,4508,621,2515,5323,8856,0
262,1584,179,345109,6848,2928,3501,9821,10165,0
263,1236,148,344373,5324,0,4144,6705,9760,1
264,901,172,344649,3963,0,3888,3461,7675,0
265,1336,181,344205,5770,3632,551,9388,8703,1
266,1469,186,345211,6324,3339,1801,9164,10191,0
267,1679,209,344047,7277,2184,4438,9233,12136,0
268,1117,177,344719,4843,935,595,5613,11479,1
269,983,151,345703,4250,943,550,5792,9107,1
270,1287,171,345621,5558,0,3217,7755,10490,0
271,1146,165,344606,4988,1175,2523,3853,11555,0
272,1135,183,344594,4960,901,676,5804,11543,0
273,1095,184,345602,4720,0,1449,6464,10342,0
274,1652,192,344967,7151,3118,3064,9310,12045,0
275,1461,202,344469,6355,6651,926,6279,10497,1
276,1167,147,343095,5058,1888,2029,5425,10116,0
277,1298,151,346039,5592,0,2743,7937,10964,0
278,1255,132,345189,5358,1056,489,9996,9384,0
279,1238,152,344709,5375,3130,2745,6316,8455,1
280,1176,183,344855,5061,944,1311,7688,9659,0
281,1417,242,344880,6163,2831,1929,7382,11490,0
282,1354,197,343584,5873,929,3935,7955,9756,1
283,1764,130,342863,7497,916,2253,9820,16416,1
284,1832,169,344763,7775,1133,9415,5695,14298,0
285,1392,150,344976,5871,1066,643,7324,14176,0
286,1680,222,344825,7191,996,3722,9952,13338,1
287,2296,182,344361,9782,4085,7457,8190,18543,0
288,1516,163,345693,6411,1405,582,10225,13059,0
289,1720,146,344505,7306,1507,6622,5960,14593,0
290,2198,161,343431,9322,508,8022,12815,15302,1
291,1280,157,344535,5471,979,5024,3692,11645,1
292,1518,138,344455,6414,2400,444,9710,12753,1
293,1394,150,343911,5889,0,351,9425,13458,0
294,1756,186,343268,7441,4840,347,9666,14417,0
295,2106,153,343909,8939,2498,8255,10886,13462,1
296,1095,121,344299,4652,0,420,5082,12752,0
297,1687,159,343985,7174,2034,2147,9290,14659,1
298,1166,132,344766,5023,1863,2117,3345,12124,0
299,1732,153,343359,7356,2630,414,7806,18024,1
300,1914,137,343413,8160,1020,5028,11659,14201,1
301,1926,125,343822,8208,969,3799,8463,18881,0
302,2061,150,344305,8753,2930,7494,7126,16804,1
303,1266,118,344581,5359,1061,339,7654,12051,0
304,1964,185,343962,8385,0,7871,9876,14993,0
305,1576,136,344436,6677,1065,453,8968,15796,1
306,1518,122,345312,6384,1162,317,9864,13965,0
307,2085,121,345099,8788,1299,3124,11648,18689,1
308,1660,139,348227,6933,2363,296,13225,11786,1
309,1941,154,347746,8210,3712,4357,7313,16983,0
310,1652,116,346385,6920,0,299,13027,14222,0
311,1956,127,347371,8222,1067,5186,10680,15678,1
312,1865,146,346763,7881,4459,364,9115,17155,0
313,1853,132,346280,7795,1478,2433,7385,19602,1
314,1437,109,346580,6286,0,348,5766,17845,0
315,1785,109,345889,7645,1374,4856,8949,14582,0
316,512,92,346847,2138,0,283,1765,6487,1
317,545,86,347318,2267,0,269,2749,6072,0
318,811,89,346501,3385,0,1935,4256,7325,1
319,1283,107,346088,5388,0,4700,8915,7771,0
320,496,85,346951,2067,0,293,1991,5986,1
321,1443,93,344662,6051,1346,2115,12245,8354,1
322,492,88,345874,2065,0,282,1936,5991,1
323,1485,138,345895,6313,0,4387,7068,13306,0
324,1500,131,345109,6330,1265,397,6583,16764,0
325,2082,200,343730,8855,1105,5515,10690,17396,1
326,1844,193,344973,7892,5042,301,6374,19028,0
327,1501,134,346683,6386,1715,314,6500,16488,1
328,2171,113,343750,9168,0,4573,15375,16239,0
329,2611,237,344318,11097,3697,304,13767,25758,0
330,1887,185,345974,7978,3445,320,6024,21663,0
331,2156,137,345348,9031,1018,4165,13281,17471,1
332,2214,140,347217,9292,978,4933,11076,19919,0
333,2047,141,345522,8554,1055,295,16345,16438,0
334,1491,133,345578,6330,1606,571,7503,15186,0
335,2309,123,347016,9674,1991,4660,13564,18280,0
336,2610,168,346468,10942,2588,2199,14990,23724,1
337,2183,161,348855,9140,5201,2097,7066,22033,1
338,1723,112,349583,7208,1089,253,10750,16635,1
339,2095,124,347527,8770,1015,3954,11026,18935,0
340,1754,131,347753,7372,1139,550,9455,18101,0
341,1932,143,347853,8144,2867,297,9001,20041,0
342,2522,138,346640,10570,2168,6181,13685,20009,0
343,1899,150,348195,7938,1573,4131,13451,12495,0
344,1395,122,349432,5884,3556,279,5678,13746,0
345,1569,117,347207,6625,1088,288,8926,15859,0
346,2801,139,347502,11745,1063,11020,15111,19489,0
347,1644,115,349768,6876,1182,769,7810,17654,0
348,1719,118,349534,7222,2031,283,8818,17526,1
349,2331,147,350622,9730,0,7941,13601,17320,0
350,3134,288,345983,13235,9356,353,17847,24693,0
351,2946,325,346651,12410,2090,6915,10636,29462,0
352,1762,131,347154,7438,1141,299,10428,17499,0
353,2067,145,347811,8705,1012,5828,8561,19059,0
354,2153,178,347368,9141,3422,295,10919,21249,1
355,2487,161,345182,10566,4751,318,11908,24488,1
356,1769,147,346566,7427,459,3710,10263,15051,1
357,2213,154,344966,9371,1133,2354,12283,21120,0
358,2274,200,345477,9650,4176,2428,8728,22577,1
359,1758,125,348341,7451,1102,278,8281,19651,1
360,2305,133,347702,9665,1050,3817,12740,20811,0
361,1588,116,349165,6611,1152,254,7759,17302,0
362,1847,111,348231,7804,1103,1448,8911,19333,1
363,1974,179,348459,8291,980,3849,12941,15143,0
364,2736,157,347444,11491,1706,3687,14313,25908,0
365,2762,126,349466,11508,3410,2281,12929,27416,1
366,1797,105,349382,7470,1636,243,10567,17515,0
367,2623,144,349833,10946,1123,5810,11093,25693,0
368,2196,109,349489,9121,1233,2658,11679,21030,1
369,1949,119,350161,8083,1859,276,13592,16768,1
370,1982,106,349749,8227,1191,200,12251,19400,0
371,2611,141,348689,10934,3819,4550,12673,22479,0
372,2409,176,349283,10055,1971,3091,11962,23126,0
373,2257,149,349416,9431,2985,2316,14350,17979,0
374,2694,151,349892,11218,4588,3368,9084,27876,1
375,2580,140,349045,10693,1109,2773,9480,29642,0
376,2532,190,348640,10649,4122,1490,7960,28631,0
377,3113,206,348889,13004,1980,8554,15823,25527,1
378,3298,199,346392,13766,4836,2434,14906,32806,0
379,2558,178,348622,10750,3595,3597,13485,21971,0
380,2216,145,347176,9295,0,3457,14071,19414,0
381,2759,142,347092,11489,2461,2739,12355,28440,0
382,1644,111,349081,6869,0,3094,8987,15320,0
383,1510,121,350031,6338,1130,846,6671,16521,0
384,2291,136,347433,9669,1241,5326,11752,19878,0
385,2183,129,343905,9283,2113,286,14591,19397,1
386,1825,116,344746,7761,1966,2445,7824,18184,1
387,1695,116,346671,7078,1288,282,10294,16399,1
388,2043,127,346783,8625,2197,3511,9793,18558,0
389,1788,125,347412,7533,1162,284,8963,19398,0
390,1894,120,346762,8056,1307,285,9992,19983,1
391,1705,95,346190,7147,1261,290,7997,18882,0
392,2871,162,345542,12274,5594,2621,11116,28525,0
393,2885,144,345233,12174,6506,340,9378,31865,1
394,2024,120,346030,8660,5918,339,9738,17753,0
395,2686,113,346621,11363,782,6883,14512,22604,0
396,2135,128,346207,9100,1162,3430,9391,21614,1
397,1572,116,347944,6688,1007,350,8657,16190,0
398,2186,119,345503,9262,1034,846,14983,19586,1
399,1980,134,345032,8393,2521,6054,8015,16415,1
400,1740,138,345520,7414,1775,380,4940,21911,0
401,1858,122,344973,7947,0,376,10447,20160,1
402,2325,143,345736,9977,4670,7640,7552,18888,0
403,1882,107,346906,7949,1116,387,13359,16509,1
404,1645,104,346722,7038,1107,320,5935,20055,0
405,2239,119,346615,9423,0,2421,11409,23500,1
406,2834,168,345254,12048,4925,311,15606,26407,0
407,2381,140,347477,10058,3725,3818,7367,24786,1
408,2308,107,346272,9748,1142,280,12792,24255,1
409,2676,117,346497,11292,1487,6199,11077,25837,0
410,1640,116,347925,6949,0,261,7261,19822,0
411,1953,137,348315,8342,1165,267,9437,21696,0
412,1534,179,346118,6505,336,280,7241,17720,0
413,2937,231,346020,12452,6247,2766,15206,24741,1
414,2084,153,346090,8835,2319,4435,8452,19536,1
415,1628,104,345967,6879,1161,252,9531,16191,0
416,2472,152,347006,10383,1098,7803,13717,18589,1
417,1669,114,343315,7104,2114,356,8428,16927,0
418,1518,108,347141,6392,0,295,8089,16921,1
419,1950,119,346223,8276,940,1921,9563,20085,0
420,2102,144,348140,8769,2050,2838,10293,19856,0
421,2184,151,347436,9211,2562,2955,10128,20766,0
422,1692,102,348036,7101,1018,297,8930,17955,0
423,1987,130,344893,8419,2009,1856,12138,17126,1
424,1900,128,347332,8035,2530,3615,7568,17961,1
425,1604,113,346701,6744,1300,291,9299,15853,0
426,2005,107,348322,8324,1109,1723,13417,17171,1
427,2346,138,347166,9927,1076,2360,11599,24080,0
428,1933,120,349156,8142,3182,2257,6049,20734,1
429,1514,101,348572,6301,0,251,10345,14644,0
430,2126,137,347054,8956,1881,4711,11200,17656,0
431,2253,190,348004,9515,3655,5516,7704,20688,0
432,1633,112,346680,6895,0,307,8523,18400,0
433,1732,121,347667,7279,1167,1985,10101,15623,0
434,1836,132,345126,7793,1684,2250,10075,16605,1
435,1263,107,346144,5239,754,332,11447,8517,0
436,504,91,345277,2095,0,321,1856,6231,0
437,507,84,344927,2100,0,295,2013,6144,0
438,566,86,344957,2353,0,326,2969,6150,0
439,509,83,345318,2112,0,281,2028,6177,1
440,1333,88,342775,5576,0,3773,8062,10387,0
441,1141,105,344781,4719,0,1287,2724,15020,0
442,1162,144,345234,4931,0,5244,2565,11561,1
443,1040,114,346106,4287,0,2207,1755,13380,1
444,1668,108,347078,7009,1249,2443,9415,14709,1
445,2037,140,347133,8598,1145,9797,5529,17482,0
446,2503,106,346218,10388,1082,372,6965,33301,0
447,1862,129,346775,7835,1235,3471,9033,17310,1
448,2248,237,347890,9487,6286,346,8435,22410,0
449,1560,135,346674,6611,2607,333,4155,18912,0
450,1618,127,348087,6785,2009,368,8660,15941,1
451,2200,151,346210,9312,1271,3901,12936,18559,0
452,1774,138,347122,7447,1120,2374,11042,15034,0
453,1675,128,346755,7115,3263,3590,5464,15608,0
454,2210,159,346503,9282,980,3881,14476,17499,1
455,1576,154,345885,6696,2550,502,5910,17309,0
456,1801,173,347464,7629,2394,566,11286,15786,0
457,1706,175,346759,7209,236,6651,9346,12215,1
458,1917,147,348377,8023,1156,4019,12544,14240,0
459,1308,142,349059,5508,2110,411,6154,13132,0
460,1253,120,348138,5269,1107,478,6670,12632,0
461,2066,223,347572,8695,2171,4778,13275,14216,0
462,2053,185,347921,8669,3322,588,12405,17910,0
463,2325,152,349419,9778,6279,2112,13878,16497,0
464,1978,131,349492,8301,1169,5988,7025,18792,0
465,2015,127,348679,8453,2246,3677,13494,14180,0
466,1633,133,349646,6858,2547,3831,7547,13299,0
467,1370,116,348617,5703,0,356,9022,13469,1
468,1885,137,348945,7889,2325,3605,11581,13912,0
469,2471,175,347405,10381,5153,375,17240,18417,0
470,2146,175,347275,9039,5045,1315,9769,19644,0
471,1377,130,349526,5768,1091,411,9387,12070,0
472,2129,170,347926,8931,1079,6657,14515,13233,0
473,1691,142,343680,7210,1106,3674,7989,15425,0
474,1128,121,346599,4724,0,422,6901,11489,0
475,1631,125,347516,6805,2133,775,13246,11044,1
476,1970,203,346403,8330,2929,874,13644,15399,0
477,1696,150,347255,7122,1124,2615,7552,16980,0
478,1538,141,350248,6457,2420,672,9466,13089,0
479,2657,184,348575,11087,2752,10713,17519,13307,1
480,1218,132,348937,5073,0,376,9003,10935,0
481,1477,163,348406,6199,3261,457,6527,14384,0
482,1877,143,346692,7851,1802,491,14522,14479,0
483,2800,392,347130,11834,7076,2499,15225,21866,1
484,2232,213,346209,9434,2554,5942,13007,15713,1
485,1589,154,348932,6630,0,425,11197,14871,0
486,1670,178,347383,7069,1174,3998,9874,12794,0
487,1489,125,348111,6215,838,403,11322,12254,0
488,1395,145,347621,5910,1719,417,8638,12490,0
489,1862,184,346523,7858,2174,3832,10921,14112,0
490,2253,245,347246,9555,4319,2457,14722,16063,0
491,1791,227,347663,7575,1030,4544,10401,13881,0
492,1164,175,348469,4902,0,2673,6788,9941,1
493,1627,193,346981,6872,971,5093,10603,10460,0
494,1357,189,347776,5713,1380,492,8406,12344,0
495,1043,171,346471,4403,1263,522,5296,10315,0
496,1267,162,347050,5327,824,2004,9400,8900,0
497,903,168,346741,3792,0,634,3586,10832,1
498,1008,198,346906,4267,693,588,5488,10035,0
499,659,167,347008,2809,0,621,2786,7577,0
500,1972,215,346617,8309,1402,5411,10481,15582,0
501,1101,171,347664,4634,1057,590,6653,10062,1
502,576,150,347682,2451,0,530,2586,6484,0
503,1497,205,347974,6304,3114,584,8687,12577,0
504,1289,202,346800,5473,996,541,6535,13421,0
505,1470,209,347587,6281,2196,2872,5464,13984,1
506,1366,185,346661,5756,1008,378,10197,11199,0
507,1789,199,346018,7554,1354,5410,12200,10868,0
508,1176,190,347157,4978,1030,423,6649,11502,0
509,2116,253,345385,8897,3667,702,12717,18192,1
510,1747,229,346278,7396,2229,423,11904,14565,0
511,1909,289,345724,8116,6950,612,11714,12542,0
512,1610,275,346299,6917,563,1340,6930,18015,0
513,1524,229,347099,6508,2082,1085,11959,10277,0
514,1476,236,346138,6324,823,4089,8370,11332,1
515,1584,277,346620,6787,2467,3436,9716,10785,1
516,1162,237,346104,5071,868,570,6820,11121,0
517,1648,235,345060,7082,2228,2566,8956,13732,0
518,1657,275,344840,7130,2158,935,12472,12059,0
519,1803,254,345143,7789,1775,5355,8626,14309,0
520,1030,175,346221,4419,1014,558,7503,8096,0
521,1581,184,347068,6742,1352,2431,11977,10595,0
522,1324,190,346695,5639,1989,474,9251,10354,1
523,976,169,344880,4256,996,440,6475,8370,0
524,1484,178,344878,6276,0,1390,14734,8624,0
525,1580,285,346643,6723,1027,569,12833,11907,0
526,2048,290,345521,8836,4307,8811,6016,15007,0
527,1289,220,346123,5658,985,666,9284,10560,0
528,1708,207,344722,7354,0,5352,11478,11648,0
529,1114,235,347504,4824,3138,512,6709,8213,0
530,1135,186,342252,5004,1004,507,8703,8703,0
531,1397,182,346397,6052,0,3019,11298,8970,0
532,1641,249,346542,7089,1764,2328,11858,11407,0
533,1848,225,346497,7809,1906,545,11307,17056,0
534,1074,165,340372,4634,960,558,6341,10041,1
535,1597,173,337179,6975,2897,2608,9265,11860,0
536,1588,152,337977,6951,1550,7682,6508,10741,0
537,1120,153,338635,4892,1747,506,8781,7633,0
538,1217,174,345192,5287,1009,506,7871,10909,1
539,1882,186,344137,7965,2379,2611,14593,11791,1
540,1542,188,345549,6618,2536,3161,9732,10276,1
541,1325,183,344785,5817,1967,2085,7921,10121,1
542,1067,216,345568,4614,907,585,8992,7300,0
543,1123,214,345822,4879,977,842,7566,9335,0
544,1259,189,345153,5470,1951,567,7246,11224,1
545,1875,281,343998,8072,2809,7358,10549,10544,1
546,1384,344,345620,6059,1862,1011,10681,9527,0
547,2289,281,344813,9753,6471,6802,11589,13289,0
548,1303,204,346224,5622,1980,464,10012,9261,0
549,1145,175,346110,4945,1080,432,10094,7478,0
550,1893,272,345225,8224,7549,3040,12687,8284,0
551,1588,189,344552,6822,3411,1514,10911,10632,0
552,1676,227,345512,7211,2948,2935,12417,9635,0
553,1734,239,344827,7393,940,5823,12828,9313,0
554,1566,294,344223,6730,4705,1175,10652,9574,0
555,1251,210,344070,5460,2600,581,10124,7558,0
556,1754,253,342598,7577,2779,3489,14271,8701,0
557,1261,290,344008,5631,2773,569,9402,8285,0
558,1056,217,344666,4624,921,572,8971,7136,0
559,1755,262,344066,7540,4159,2372,10163,12558,1
560,1208,210,344365,5307,0,2000,7932,10214,1
561,749,183,345831,3356,955,535,3896,7103,0
562,804,189,346141,3570,0,521,6819,6063,0
563,1215,277,344938,5385,3465,587,8390,7812,0
564,1147,266,344105,5140,962,650,7002,10506,0
565,1098,213,345075,4814,958,2569,7410,7369,0
566,942,188,345858,4072,0,589,8302,6809,0
567,1469,224,344973,6316,1875,6754,8365,7490,0
568,1805,253,346449,7717,4258,5230,7536,13060,1
569,983,202,345072,4274,2171,592,7149,6477,0
570,1126,196,345168,4854,991,503,7592,9684,0
571,919,191,346074,3996,951,499,7352,6519,0
572,1251,240,345409,5390,982,552,8186,11134,0
573,1254,251,344904,5446,724,558,9251,10370,0
574,1328,266,345685,5832,4436,2617,7231,7863,0
575,1256,167,346023,5431,1671,3164,7093,9015,0
576,1137,209,346311,4941,2564,1995,6436,7970,1
577,1155,190,345285,4947,968,552,8585,9159,0
578,1077,206,346454,4661,1537,2799,4978,8637,1
579,1319,239,345480,5798,1122,723,8280,11860,1
580,1261,195,344991,5381,1143,552,9260,10071,0
581,1344,208,344377,5788,2941,3146,7676,8637,0
582,941,172,345279,4084,1943,1076,5457,7216,0
583,1156,172,344306,5014,1698,431,9189,7956,1
584,740,161,345125,3272,0,430,4886,7021,0
585,942,162,345738,4103,1233,454,6325,7698,1
586,1093,185,345432,4639,837,476,8344,8567,0
587,865,182,344242,3770,1168,492,6731,6034,1
588,815,213,345641,3591,0,948,6243,6403,0
589,1147,233,343398,5058,1063,858,8385,8817,1
590,825,198,345590,3706,0,509,5963,7291,0
591,1166,208,345958,5242,1571,530,5802,11539,1
592,1299,227,344283,5853,2548,773,6278,12066,0
593,1392,243,345737,6093,1533,2808,7588,11281,0
594,739,252,345319,3352,586,1150,5091,5499,1
595,505,178,344345,2286,0,504,3803,4122,0
596,504,166,341358,2270,0,499,3926,3988,0
597,1126,193,342523,4918,596,4677,4411,9084,1
598,827,180,343780,3608,635,509,7118,5523,0
599,326,214,346414,1570,0,513,2215,2707,0
600,334,214,344609,1613,0,526,2357,2698,0
601,302,196,344817,1448,0,481,1980,2575,0
602,358,199,346623,1670,0,489,1902,3591,1
603,352,189,345981,1616,0,464,1905,3498,1
604,371,187,346634,1685,0,489,1880,3829,0
605,288,187,345669,1373,0,462,1844,2510,1
606,282,183,346854,1341,0,451,1789,2469,0
607,270,177,347242,1274,0,441,1641,2422,0
608,273,178,347267,1290,0,439,1691,2430,0
609,274,181,348617,1295,0,442,1688,2450,0
610,274,179,347304,1292,0,445,1710,2424,1
611,273,178,347552,1287,0,440,1719,2403,1
612,274,180,346888,1300,0,442,1697,2439,0
613,268,178,347822,1272,0,437,1626,2411,1
614,261,168,346025,1223,0,432,1577,2345,0
615,267,174,346870,1255,0,438,1614,2400,0
616,254,169,348685,1196,0,419,1485,2340,0
617,254,163,347923,1190,0,404,1523,2318,1
618,250,163,347722,1163,0,422,1436,2313,1
619,257,166,347212,1205,0,420,1533,2339,0
620,258,165,346430,1199,0,399,1539,2363,0
621,268,174,346381,1260,0,432,1631,2407,0
622,267,171,346083,1259,0,430,1599,2430,0
623,270,177,346340,1276,0,435,1619,2453,0
624,1500,210,345625,6405,2056,3733,12118,7107,0
625,1247,184,345478,5374,950,521,10183,9137,0
626,1384,224,344633,5963,4273,1206,6648,10942,0
627,1388,179,345642,5930,1326,1902,10213,9700,0
628,1225,151,343675,5262,2225,404,9408,8383,0
629,873,147,345010,3751,379,431,6943,6813,1
630,1868,238,344649,7955,2948,6500,13400,8294,0
631,1372,176,346447,5876,3612,1707,5976,11582,0
632,1309,160,347589,5548,747,2293,9559,9223,0
633,1159,180,345285,4988,236,453,7728,10910,0
634,1300,166,344852,5554,1009,399,10281,9990,1
635,1028,192,344303,4435,1005,417,7644,8079,0
636,1392,178,345554,5968,1867,402,8738,12205,0
637,1631,186,345779,6941,930,5433,11807,9020,1
638,1576,193,345440,6818,4673,445,6538,14616,0
639,1697,136,345968,7303,960,364,10322,16649,0
640,1221,156,346966,5211,0,368,8249,11747,0
641,1519,177,346545,6465,1910,3727,9371,10312,1
642,1505,189,346071,6404,4202,357,7991,12538,0
643,1518,166,346114,6449,1569,351,12367,11027,0
644,1304,156,346455,5480,0,370,12477,8896,0
645,1533,206,346953,6566,4010,2381,8347,10813,1
646,1358,151,345901,5778,1014,2448,10227,8953,1
647,1232,165,345864,5305,0,2168,7920,10458,1
648,1718,173,345781,7245,2019,4730,10548,11342,0
649,1131,173,346018,4814,1012,751,8485,8605,0
650,1431,211,346166,6104,1221,370,10890,11376,0
651,2127,257,345810,9012,4347,2584,12688,15838,0
652,1731,163,346000,7314,1920,385,11242,15304,0
653,1501,199,345980,6349,1014,363,10677,12974,0
654,1375,155,346440,5795,998,360,7415,14143,1
655,1872,181,347225,7894,2249,5800,10808,12349,0
656,1345,153,346072,5686,0,367,9060,12995,0
657,1612,158,345372,6833,4801,349,9432,12294,0
658,2100,216,345851,8848,3462,629,12573,18344,1
659,1549,146,345798,6529,990,3257,6071,15514,0
660,1423,125,344331,6071,990,286,9562,12891,1
661,1726,187,343948,7439,1016,419,9476,17865,1
662,1860,152,345670,7821,1044,5126,11650,13189,1
663,1983,181,344556,8369,1032,3064,11652,17313,1
664,1518,148,345074,6388,0,389,12046,12870,0
665,1669,154,344422,7064,2144,2335,11373,11971,1
666,1907,161,345818,8085,2561,5822,7171,16244,1
667,1461,147,346765,6126,1037,535,9483,13311,0
668,1609,164,344470,6811,1177,442,9939,15259,0
669,2156,168,344889,9112,1998,7042,9984,16924,0
670,1583,136,344538,6712,951,429,8438,16576,0
671,1866,153,345668,7885,2036,3187,9639,16252,0
672,2239,162,345363,9427,799,1655,12146,22719,0
673,1971,181,345661,8359,698,8010,4600,19557,0
674,1667,137,346222,6998,844,2648,10475,13825,1
675,2063,152,345212,8756,857,2663,11331,19544,1
676,1646,149,346774,6965,662,2542,8487,15742,0
677,1830,161,346174,7739,815,1435,10587,17671,1
678,2133,168,346195,9024,7893,2277,10284,15099,0
679,1581,115,346893,6605,737,408,14212,10996,0
680,523,115,348657,2158,0,360,2013,6351,1
681,523,128,348808,2173,0,402,1967,6362,0
682,1327,145,347510,5548,2263,362,5090,14406,1
683,1612,133,348177,6630,1037,345,4015,21479,0
684,1098,123,348599,4713,0,345,2619,15346,0
685,1285,104,347514,5423,0,312,10483,10635,0
686,830,113,348206,3781,0,344,1939,11558,0
687,910,120,348704,4124,0,346,2824,12006,0
688,847,115,348141,3837,963,347,1892,10924,1
689,1562,121,346755,6699,0,6214,4106,15718,0
690,3134,257,344852,13304,7597,10409,8362,25880,1
691,1588,181,346161,6806,1033,430,6734,18276,0
692,1619,109,345242,6846,1032,389,10421,15144,1
693,1733,133,344603,7350,1114,3271,6069,18431,0
694,2578,210,343373,10974,6301,661,14348,21665,1
695,2122,155,345042,8990,1223,355,10383,23407,1
696,2455,128,345425,10343,2475,2288,14651,21518,0
697,2189,158,346163,9142,1066,2713,9467,23248,0
698,1238,125,347901,5223,0,338,6315,13987,0
699,1621,127,347071,6848,2092,325,9929,14682,0
700,3031,165,343633,12907,3952,3799,15635,27141,1
701,2365,163,346311,9963,4791,1829,8945,23858,1
702,1523,118,347234,6353,0,378,10590,14425,0
703,1749,139,345458,7404,1079,369,11204,16498,0
704,1840,166,346377,7794,1737,3026,8704,17203,0
705,1692,121,345338,7177,1034,347,7732,19092,1
706,1673,127,345496,7123,1039,348,10396,16115,0
707,1711,124,345213,7271,1093,882,8320,18227,1
708,3406,207,344377,14469,3631,8824,10290,34033,1
709,3212,121,346117,13371,1063,510,13378,38598,0
710,2702,150,346940,11266,3010,345,10471,31221,0
711,1515,119,349057,6273,909,304,10002,14050,1
712,2362,126,347673,9851,2491,330,12440,24109,0
713,1885,128,350015,7789,1113,295,11361,18663,0
714,2434,166,347386,10157,5268,2392,12386,20531,1
715,2401,170,349019,10016,1161,3481,11474,23907,1
716,1616,118,350562,6852,1085,309,9013,16535,0
717,1793,145,350466,7509,0,304,11343,18243,0
718,1755,124,350472,7300,1137,302,9664,18149,1
719,1738,113,350586,7234,1085,281,11314,16297,0
720,2058,120,349885,8593,831,310,9852,23317,0
721,2523,188,347236,10595,4005,5749,9048,23261,1
722,2466,180,348823,10306,3294,310,13627,23881,0
723,1868,120,350973,7751,1117,296,13256,16474,0
724,2003,132,350720,8290,1985,2553,12886,15961,0
725,2214,146,350495,9152,1128,4144,12140,19491,0
726,1432,114,350522,5935,1160,273,7979,14463,0
727,1815,139,349981,7519,1157,255,12154,16692,0
728,1825,163,347815,7663,2186,261,9271,18708,0
729,2002,164,347936,8469,3742,2497,5415,21714,1
730,1795,113,349976,7475,1178,252,9668,18826,1
731,1797,114,351187,7477,0,253,11334,18364,1
732,2098,136,350371,8755,4251,284,10813,19631,0
733,1736,118,349717,7184,1125,258,11293,16272,0
734,1882,132,348287,7891,1538,296,11773,17761,0
735,2242,160,349296,9354,1132,6479,12819,16949,0
736,2643,135,348076,11034,1099,9189,14816,18956,0
737,2015,124,348284,8434,2157,391,10433,20615,0
738,1798,151,348149,7560,2666,2115,8326,16861,1
739,1269,115,351303,5232,0,364,9981,10815,1
740,1061,116,350255,4375,0,285,3598,13802,0
741,1223,124,351869,5041,1121,279,7796,11199,0
742,2972,118,350369,12141,0,244,12209,37083,1
743,1570,112,352166,6364,1953,217,5291,18716,0
744,555,91,352734,2273,0,218,2480,6556,0
745,1195,113,352278,4898,0,245,7145,12530,1
746,1964,129,350347,8190,2975,246,11860,17655,0
747,1406,112,349683,5975,765,3845,2803,16031,1
748,2327,204,349495,9702,2417,6018,11841,18515,1
749,1913,174,350901,7964,6440,328,10439,14684,1
750,1939,167,352544,8111,1457,5251,3245,22380,0
751,1604,128,352556,6676,1247,322,8650,16514,0
752,1689,115,352933,6961,0,254,12462,15448,1
753,2080,141,354298,8563,2687,3820,9979,18185,1
754,1633,124,353305,6797,2773,299,10075,14074,1
755,1788,115,352256,7462,1802,272,9285,18452,0
756,2102,161,351533,8767,2828,4288,12539,15394,1
757,1975,143,353565,8301,4521,5301,5887,17224,0
758,1589,112,353558,6499,0,261,12147,14079,1
759,2182,134,352020,9006,1140,329,16194,18713,0
760,1779,120,352235,7350,2277,333,10319,16722,1
761,1564,115,349950,6509,2731,390,9561,13385,0
762,2766,179,349299,11578,5811,3158,15220,21920,0
763,3317,164,347949,13793,2477,3154,15322,34344,0
764,3154,209,349407,13201,5649,6701,12727,27492,0
765,1699,119,350101,7091,1118,376,10279,16558,1
766,1738,133,350495,7170,0,282,13727,14958,0
767,1739,128,351511,7189,1148,2159,9830,15853,1
768,1237,115,351369,5169,0,341,8246,12035,0
769,1910,126,349587,7964,2078,295,12146,17323,1
770,2200,169,350281,9203,5096,4492,8322,18769,0
771,2843,147,349263,11737,3971,5960,11213,26250,1
772,1674,113,350208,6961,1121,348,9821,16617,0
773,1425,135,351270,6001,896,278,6608,15968,1
774,2721,116,349966,11276,2301,6949,14285,21827,0
775,1573,104,350442,6526,0,294,8996,16938,1
776,2059,120,351777,8521,1622,280,12147,20268,1
777,3312,238,349158,13871,8278,6575,15309,25052,0
778,1944,169,352394,8138,4048,639,8182,19538,1
779,1603,106,352619,6596,1159,232,10915,14415,0
780,1868,123,351795,7695,703,878,14984,14574,1
781,2460,151,352348,10139,871,6961,15960,17223,1
782,1649,122,351151,6857,1104,264,12987,13129,1
783,2048,126,350336,8527,1165,273,11716,20985,1
784,3131,184,348553,13076,6822,4483,17873,23014,1
785,2182,134,350430,9114,5341,259,15174,15607,0
786,1706,134,350383,7150,1063,228,9375,17777,1
787,1943,115,350147,8041,1128,263,12339,18667,0
788,2639,239,348620,11133,2985,10477,12195,18332,0
789,1968,119,349792,8182,1109,299,17724,13678,1
790,1690,109,348038,7044,1100,254,11554,15259,1
791,2335,118,348414,9688,2283,3256,18545,14840,1
792,1586,114,349695,6482,2465,226,5234,18508,1
793,1318,111,348685,5512,0,261,7037,14685,1
794,801,117,348737,3345,0,292,3925,9146,0
795,826,113,348812,3392,0,297,5471,8006,0
796,737,99,347831,3040,1046,262,1796,9183,0
797,1880,147,345874,7970,2897,293,8768,19387,0
798,1316,155,346974,5481,2111,262,3983,15580,1
799,2238,175,347495,9409,3816,8576,7133,17782,0
800,2733,129,347386,11337,1212,3744,12471,28133,0
801,1783,123,346878,7441,0,1602,14512,13605,0
802,1169,113,347330,4914,1092,274,7359,10772,0
803,1156,112,346654,4842,0,268,6841,12171,0
804,2028,202,346990,8500,1154,246,14831,17584,1
805,1630,212,349052,6961,1145,5358,8006,12670,1
806,2467,189,348685,10393,11178,2740,8834,18380,1
807,1477,135,348828,6337,1560,310,6684,16070,0
808,1848,127,349772,7699,1159,268,13024,16364,0
809,1842,129,349033,7772,2214,2570,8393,17525,0
810,1441,112,348018,6124,0,271,9094,14665,1
811,1783,128,346742,7579,1144,265,12056,16259,0
812,1696,149,349159,7107,1055,811,12113,14295,1
813,2357,194,348710,9909,7253,5260,12691,14082,0
814,1685,136,349174,7062,2001,369,10336,15386,0
815,1836,114,348232,7690,0,281,11610,18712,1
816,2405,137,348222,10119,3476,7288,10737,18597,0
817,1887,134,348477,7859,0,364,13655,17435,0
818,1445,138,349570,6006,1082,311,10466,12233,0
819,2149,155,348737,8908,2196,280,18036,15305,0
820,1942,177,348150,8202,3478,5152,8353,15384,1
821,1336,119,349069,5542,0,306,9273,12688,0
822,1931,234,348417,8134,1110,3952,12320,14816,0
823,1450,121,349690,6020,1123,375,12101,10578,1
824,1191,116,349597,4931,0,314,9458,10086,0
825,1463,130,349799,6073,1083,308,10618,12389,0
826,1930,197,349319,8167,5420,682,10266,15799,0
827,1689,130,347799,7128,2017,3778,9015,13342,0
828,1296,120,348557,5456,1078,310,5999,14220,1
829,1661,146,349177,7047,1710,352,10149,15484,0
830,1838,194,350082,7708,2780,3315,10287,14264,0
831,1211,119,349827,5042,0,312,8596,11275,1
832,1713,181,349385,7221,1103,526,9947,16989,0
833,2260,276,348675,9508,4527,327,12225,20603,1
834,2216,137,349269,9242,1611,4024,9502,21807,0
835,1477,131,349529,6198,1085,295,9901,13343,0
836,1823,137,348721,7645,2202,2711,12958,12520,0
837,1641,143,349784,6923,2807,2364,7309,14872,1
838,1644,124,348825,6856,1128,324,13500,12453,0
839,1363,132,348209,5735,0,326,8556,13839,1
840,2191,199,347688,9210,2699,4172,16251,13398,0
841,1375,183,348931,5921,3832,357,6503,12236,0
842,1452,131,348913,6084,799,333,10141,12937,0
843,1440,152,348464,6092,1103,338,9121,13439,0
844,1534,161,348854,6520,2131,2827,7968,12650,0
845,1890,176,348907,7868,2682,366,13482,14977,1
846,1842,165,348529,7674,2057,2822,13828,11994,0
847,2462,253,346995,10332,3661,4286,18233,14860,0
848,2141,281,346180,9119,7498,1504,12470,14211,0
849,1602,200,347223,6830,1015,5651,6246,13799,0
850,1501,188,347748,6386,888,2341,9478,12318,0
851,1216,190,347501,5199,1880,463,5278,12646,1
852,1564,179,346285,6658,2896,397,9809,12973,0
853,2042,171,347511,8592,0,5224,7655,21167,0
854,1512,146,347106,6376,1028,2613,10699,10864,0
855,1286,153,349428,5397,2201,376,8088,10776,1
856,1486,169,348342,6240,0,2644,10476,11655,0
857,1894,182,346533,7970,1925,375,7380,21896,0
858,1496,203,347435,6296,1024,1203,13265,9444,0
859,1141,175,347752,4899,1068,395,5511,12050,0
860,1194,180,348177,5083,0,383,9677,9840,1
861,2022,235,346331,8547,2007,3901,13225,14571,0
862,1781,229,348285,7548,3053,3017,10561,13062,0
863,1351,160,347041,5766,995,376,7021,14135,0
864,1706,160,348465,7284,2068,371,11469,14531,0
865,1664,141,348748,6996,1043,2492,9372,14837,0
866,1834,138,348342,7666,1027,363,15305,13884,1
867,1512,190,347433,6370,1067,1052,11709,11385,1
868,1393,179,348311,5871,1430,374,9760,11667,0
869,1608,179,348575,6857,3207,2593,7226,13788,0
870,1667,146,347666,6971,1007,411,11374,15006,0
871,1731,141,346778,7282,1049,5539,10166,12103,0
872,1349,146,346891,5716,1038,1797,9058,10605,0
873,1012,135,347289,4280,0,374,7992,8511,0
874,1857,154,346787,7801,2226,848,15426,12452,0
875,1261,182,347866,5420,2090,382,6605,11945,0
876,1967,205,347141,8412,4300,6671,8693,13123,1
877,1517,158,345961,6380,1035,457,11009,12785,1
878,1625,150,346142,6867,0,2713,11335,13051,1
879,1246,171,346515,5338,1419,553,7127,11674,0
880,1606,151,345685,6920,0,4065,11499,11219,0
881,1422,140,346978,6023,1382,494,12195,9632,1
882,2007,186,345583,8475,1705,4820,12265,14666,1
883,1543,226,346033,6631,2555,1926,7168,14080,1
884,1209,154,346980,5066,763,374,8971,10057,0
885,1617,188,347029,6770,3253,792,10981,11929,0
886,1307,182,347500,5528,1061,1889,9470,9366,0
887,1575,212,347067,6636,1553,1278,12563,10858,1
888,1074,237,348431,4609,982,1207,8078,7646,0
889,1530,193,346418,6472,480,1844,12579,10606,0
890,1287,177,348505,5429,45,446,10256,10716,0
891,1354,183,343340,5762,920,966,9930,10752,1
892,1338,126,333795,5816,1191,860,10102,10157,1
893,1544,124,332845,6729,1052,2355,11076,11255,0
894,1179,128,336531,5058,1502,421,9049,8690,0
895,1242,147,347844,5232,1005,434,10112,9163,1
896,1659,233,347275,7060,2787,1707,11557,11600,1
897,956,200,347696,4156,1466,458,5720,8304,1
898,1443,229,347521,6208,2789,461,11361,9443,1
899,1090,223,347947,4849,0,506,7892,9779,1
900,1356,200,346184,5870,940,1370,11577,8722,0
901,1035,164,345614,4440,1906,455,6905,7994,0
902,1230,156,345403,5256,0,456,12515,7535,0
903,1475,233,346437,6356,1769,2732,10611,9478,0
904,1207,218,347066,5225,2077,1641,6034,10371,0
905,1178,129,345693,5100,1024,432,8551,9639,0
906,1332,154,346929,5699,1000,414,10695,10105,0
907,1602,159,346631,6816,1032,4745,9889,11050,0
908,1300,159,347293,5548,0,472,10610,10595,0
909,1101,152,346949,4703,1009,460,7137,9756,0
910,1101,154,346965,4702,1009,465,7143,9747,1
911,1101,154,346965,4702,1009,465,7143,9747,0
912,1089,202,347074,4695,916,509,7737,9003,0
913,1508,212,346796,6458,2983,1221,13691,7251,0
914,988,192,347465,4260,975,611,7193,7687,0
915,1165,165,347466,4906,0,461,11223,7744,0
916,1086,164,347497,4620,969,475,7737,8933,0
917,1107,179,347737,4679,0,2657,9159,6635,0
918,855,161,347452,3646,1039,412,6002,6799,0
919,1094,162,347331,4633,0,449,11148,6637,1
920,1039,163,347347,4428,1010,1261,8186,6863,0
921,1534,194,346373,6503,3059,1239,14275,7008,1
922,771,183,347296,3331,0,495,6224,6137,1
923,1277,238,346378,5531,1826,538,9952,8972,0
924,1709,271,348212,7240,2663,2432,13468,9921,0
925,1059,277,348247,4620,0,1421,6742,9493,0
926,1010,236,348327,4358,1794,598,6462,7981,1
927,1192,283,348398,5244,582,1034,8989,9269,0
928,1218,265,348205,5251,989,590,9747,8979,0
929,1242,276,348432,5349,637,603,8032,11437,0
930,864,245,348369,3794,856,642,7371,5533,0
931,1238,373,347252,5535,2084,2329,6791,9438,1
932,1410,383,347680,6206,3215,1438,8014,10845,1
933,954,270,348139,4178,429,755,7142,7578,0
934,1110,256,347963,4901,1292,3619,5704,7887,0
935,1234,221,347909,5315,0,3514,9308,7751,0
936,846,194,349331,3761,0,656,4783,8665,0
937,1193,218,348833,5083,988,2624,7494,8790,1
938,993,249,348789,4346,981,683,7756,7146,1
939,513,191,348919,2305,0,589,4060,3908,0
940,496,196,349268,2249,0,594,3881,3804,0
941,911,266,348775,4053,2303,618,6155,6114,0
942,718,189,348374,3121,878,932,5820,4337,1
943,599,259,348648,2701,0,1724,3902,4366,0
944,731,179,347896,3161,0,626,6670,4900,1
945,966,218,348489,4154,0,663,5389,10054,0
946,1203,259,348547,5077,0,598,5058,14404,1
947,662,217,348252,2948,914,784,4948,4395,0
948,813,266,349232,3600,0,981,7795,4786,0
949,739,238,348594,3257,0,681,3965,7679,0
950,1029,218,348398,4396,926,622,9064,6554,0
951,561,208,348121,2529,0,630,4128,4604,0
952,536,195,348619,2422,0,577,3716,4651,1
953,543,239,349426,2472,0,1019,3799,4232,1
954,688,321,349240,3142,0,2062,5202,4212,1
955,902,252,348798,3985,0,4899,4353,5795,1
956,902,185,347760,3904,869,749,7549,5866,1
957,792,198,349112,3471,0,2304,4040,6861,0
958,975,228,348294,4323,865,3423,6302,5673,0
959,706,242,347764,3178,0,844,6248,4690,1
960,489,205,346955,2258,0,637,3539,3986,1
961,500,197,348364,2254,0,605,3811,3922,0
962,508,196,348878,2317,0,607,3871,4003,1
963,518,207,348922,2367,0,620,4042,3982,0
964,532,214,347369,2415,0,659,4193,4025,1
965,539,221,347555,2441,0,668,4232,4088,1
966,526,214,348087,2389,0,646,4093,4035,1
967,998,284,348551,4402,1984,2380,5154,7119,0
968,1069,298,347081,4718,0,3719,6012,8091,0
969,950,307,348251,4246,857,1467,6577,6948,0
970,824,272,348203,3678,912,689,4991,7148,0
971,1015,267,347648,4474,1215,4092,4541,7077,0
972,748,241,347298,3287,429,850,4647,6551,0
973,1514,384,346890,6632,3437,1852,8922,11023,1
974,1217,409,346350,5463,1604,1094,5691,11906,1
975,785,251,347357,3480,1,813,6261,6023,0
976,1080,246,346790,4691,2306,1440,6324,7939,1
977,880,262,347819,3925,896,812,6044,6927,0
978,775,260,347163,3489,0,883,6138,5907,0
979,1161,262,346480,5044,3043,887,7527,7905,0
980,1548,417,347217,6855,4544,3203,8549,9516,1
981,1066,371,347839,4795,949,819,6994,9016,1
982,1252,285,347134,5431,2279,737,8247,9607,1
983,943,276,347774,4160,1140,755,6291,7540,1
984,1136,269,348159,4943,2131,1516,7860,7435,0
985,749,251,347958,3337,0,664,4283,7544,1
986,1118,246,346859,4855,1778,1125,7485,8259,1
987,1388,315,347004,6024,905,1483,11707,9045,1
988,1668,294,347157,7171,2653,1363,10648,13141,1
989,1265,219,343789,5504,960,678,9974,9480,0
990,980,217,347358,4311,0,697,6073,9572,0
991,1222,207,348217,5239,947,659,9921,8853,0
992,1251,213,347515,5417,3319,3099,5011,9424,0
993,1024,181,348498,4401,0,636,8095,8342,0
994,1513,270,346838,6524,2988,2248,10433,9562,1
995,1228,220,348278,5277,995,588,9031,9863,0
996,1221,201,348064,5240,2196,577,8299,9285,0
997,1086,200,347546,4642,1002,577,8533,7992,1
998,1521,223,347484,6467,964,3832,10671,9888,1
999,1112,202,347369,4765,928,600,6508,10503,0
1000,1214,183,347255,5134,0,631,11693,7911,0
1001,2064,325,346618,8845,9583,1202,12601,11019,0
1002,1572,271,345960,6753,4146,612,10189,11253,1
1003,1574,239,347726,6706,2843,603,9091,13710,1
1004,1456,184,347029,6170,1769,560,8644,13307,1
1005,1743,197,345933,7415,1035,3470,13384,11163,1
1006,1223,167,347559,5199,0,563,9710,10117,0
1007,1374,169,347182,5815,1993,652,9151,11104,0
1008,2135,263,346109,9013,1607,4050,14845,15093,0
1009,2035,295,347465,8674,4532,2466,11935,14989,1
1010,1417,214,347403,6049,921,604,10844,11262,1
1011,1246,207,347302,5326,937,597,8502,10739,0
1012,1636,235,346675,6947,2085,978,12884,11329,1
1013,1426,224,346157,6098,1051,621,10374,11724,0
1014,1161,207,347649,5016,0,594,9694,9062,0
1015,1556,288,347297,6602,1943,571,14581,8842,0
1016,1410,230,347359,6048,1817,4571,8554,8565,0
1017,1299,193,348085,5465,0,603,10797,10257,0
1018,1146,199,346892,4887,1031,603,7322,10150,0
1019,1777,212,346683,7544,970,8080,9232,11344,0
1020,1287,185,347802,5452,950,602,9433,10469,0
1021,1152,183,346692,4876,0,570,10142,8499,1
1022,1716,255,346516,7272,3644,920,14480,9568,1
1023,1621,225,346606,6933,3189,3499,8980,11350,0
1024,1275,161,347357,5326,984,542,7983,11749,0
1025,1428,179,347299,6006,1,543,8806,14457,0
1026,1821,207,347345,7688,734,4334,9908,15387,1
1027,1577,186,347140,6600,2091,619,11568,12008,0
1028,1351,188,346766,5693,0,559,10718,11254,1
1029,2012,255,345256,8535,4510,570,14811,13654,0
1030,1939,268,346532,8275,4111,6454,8666,13097,0
1031,1351,157,345922,5714,997,515,9420,11594,1
1032,1449,165,345956,6119,983,530,9530,13108,0
1033,1711,175,345253,7206,2001,3131,10013,13375,1
1034,1489,139,347215,6227,1629,463,9641,13099,0
1035,1516,145,345954,6357,0,482,11136,13662,0
1036,2742,261,344002,11585,5490,4364,18326,17521,1
1037,1556,142,346681,6480,712,499,11144,13581,1
1038,1369,134,348854,5692,1104,457,8227,13030,0
1039,1722,151,349239,7164,760,450,11005,16498,0
1040,1969,192,348922,8227,2031,5916,8569,16309,0
1041,1399,155,349076,5820,0,492,11074,11762,0
1042,1757,196,347178,7408,3180,495,11696,13919,0
1043,2614,218,345446,11028,6202,518,15941,20912,1
1044,2406,243,345492,10181,3010,6181,13691,17226,0
1045,1112,160,347803,4664,475,468,5788,11808,0
1046,1116,173,347389,4708,579,449,8367,9217,0
1047,1268,164,347627,5312,1044,463,9318,10320,1
1048,1981,251,346099,8428,765,4125,5677,22456,0
1049,1493,168,347731,6266,1779,2005,8828,12277,0
1050,1875,171,346347,7851,1773,2514,14637,12341,1
1051,1843,221,346930,7759,1970,470,12215,16064,1
1052,1504,170,347449,6337,1881,471,7490,15228,0
1053,2266,241,347244,9549,2009,3951,9025,22793,0
1054,1801,172,348592,7532,1075,4008,12246,12701,1
1055,1560,159,347998,6535,1105,532,9868,14502,0
1056,1390,169,349298,5804,0,442,11326,11406,0
1057,1557,197,348305,6495,2187,408,10014,13343,0
1058,2508,226,350280,10429,4941,2075,14871,19913,1
1059,1409,177,350748,5909,1125,467,7640,14255,1
1060,1606,167,349201,6693,1118,432,11788,13431,1
1061,2040,223,349014,8603,2338,5105,11214,15351,0
1062,1463,153,348777,6124,1486,429,9403,13066,0
1063,1532,156,347379,6417,1856,407,9178,14107,1
1064,2560,245,345920,10733,4169,2411,18868,17226,0
1065,1967,211,346068,8320,991,5278,9446,17073,1
1066,1514,157,348314,6340,2021,545,9354,13321,0
1067,1708,167,349431,7075,0,453,11616,16402,1
1068,2639,203,347467,11067,6012,7655,13787,16532,1
1069,1474,149,349884,6121,0,481,10936,13163,0
1070,1961,146,347878,8196,843,407,12816,18617,1
1071,2496,211,346494,10484,5694,1997,12553,21370,0
1072,2450,222,347151,10358,6774,411,16097,17567,0
1073,1471,148,349549,6100,0,402,8230,15886,1
1074,2128,153,348446,8899,2491,4579,9086,19324,0
1075,1980,175,347297,8309,745,5083,10596,16578,1
1076,1599,141,349406,6640,2262,407,10069,13922,1
1077,1380,133,348276,5703,0,396,11599,11005,0
1078,1858,225,347898,7784,3199,386,14350,13047,0
1079,1650,191,350364,6878,1073,3061,7828,15554,1
1080,1745,153,351020,7232,1080,361,12039,15606,0
1081,1756,141,349391,7312,0,354,10821,18097,1
1082,2345,170,348003,9820,1143,7052,12851,18048,0
1083,1479,145,350329,6182,1039,402,9906,13314,0
1084,1711,183,350475,7178,1158,352,9134,17877,1
1085,2351,274,347470,9968,3822,351,13324,21699,0
1086,2378,291,347427,10055,2850,4175,12420,20193,1
1087,1742,165,349262,7294,1132,358,10291,17262,0
1088,2006,179,350972,8337,1108,350,15376,16614,1
1089,1802,187,349066,7559,2054,3355,7971,16659,1
1090,2057,223,348165,8595,2825,349,15436,15677,1
1091,1784,219,351779,7388,1546,385,11251,16559,0
1092,1816,248,352712,7576,1087,4120,8198,16867,0
1093,2138,222,352076,8877,3984,417,13178,18067,1
1094,1794,151,354454,7376,1090,2280,10742,15802,0
1095,1940,162,354302,7940,1111,392,14084,16748,1
1096,1394,154,355990,5750,1143,2943,8104,11057,0
1097,1717,148,355527,6971,0,308,14395,13916,0
1098,1744,160,355096,7154,1195,304,11466,16113,0
1099,2204,137,354145,8989,1165,2662,13681,19230,1
1100,1144,122,356306,4671,1237,313,7795,9724,0
1101,2034,171,354829,8320,3293,282,11473,18868,0
1102,1888,153,353863,7726,0,285,15829,15353,0
1103,1455,135,355505,5934,1143,284,11205,11621,0
1104,2905,203,354002,11942,5184,5575,15198,22474,1
1105,2127,192,350767,8823,3371,3895,14288,13906,1
1106,2183,160,349150,9081,1186,4294,16047,14866,1
1107,2195,207,349439,9165,4218,318,12450,19604,0
1108,2094,181,351039,8688,2175,2063,14934,15729,0
1109,2047,242,350183,8514,1260,346,10205,22321,0
1110,2451,266,347115,10322,5284,4539,12484,18544,0
1111,2211,186,346980,9218,0,387,19409,17068,0
1112,1224,165,349294,5093,2304,327,3558,14215,0
1113,1309,199,352332,5489,801,298,6425,14297,0
1114,2083,191,350992,8703,3842,4920,10074,15888,0
1115,1604,156,353806,6623,0,292,10812,15631,0
1116,2219,148,352110,9139,1785,293,16468,18450,1
1117,1777,152,353138,7361,1731,3256,11359,13273,0
1118,1769,115,352668,7300,1198,255,12936,15101,0
1119,1797,159,351942,7418,0,994,12531,16428,0
1120,2336,199,351172,9696,2781,4855,14734,16578,0
1121,2508,227,351130,10405,3564,2032,14108,22103,0
1122,1518,156,354339,6242,1251,340,10279,13441,1
1123,1995,202,352730,8265,1803,3643,12509,15308,1
1124,1995,202,352730,8265,1803,3643,12509,15308,1
1125,2116,239,352565,8804,2442,3727,12490,16611,0
1126,2196,218,350965,9122,1957,2952,13546,18157,1
1127,2150,242,349985,8956,2605,2415,13652,17163,1
1128,1906,188,349261,7950,1992,298,15044,14441,0
1129,1881,191,350836,7807,617,295,12981,17458,0
1130,2433,161,349953,10086,2044,653,19311,18550,1
1131,2351,199,349575,9807,2317,3341,14563,18974,0
1132,2137,185,349849,8873,894,449,16451,17836,0
1133,1790,156,348264,7463,699,352,14512,14280,1
1134,2610,260,346791,11037,3154,4086,16039,20226,0
1135,2269,175,348114,9511,3496,2760,11046,20521,0
1136,1930,147,349774,7992,1368,455,16136,14216,1
1137,2067,130,350408,8501,526,395,16243,17295,1
1138,2760,148,348459,11505,2044,6403,18154,19414,0
1139,2110,158,350278,8731,2032,504,14987,17647,0
1140,2092,147,350831,8609,1488,851,18061,14483,0
1141,2842,235,348594,11962,3240,7544,17891,18703,0
1142,1799,171,350499,7491,1715,1380,12569,14322,1
1143,1693,124,350829,6995,1111,367,14623,12128,0
1144,2157,131,350399,8853,0,382,21536,14039,0
1145,2903,183,349038,12052,2234,8423,21130,16596,1
1146,2316,141,348625,9567,1074,532,23743,13255,0
1147,2098,142,348395,8748,902,474,18008,15597,0
1148,2712,296,347172,11423,4324,2209,17857,20826,0
1149,1625,162,349465,6806,2736,3837,5546,14976,0
1150,2582,139,348475,10666,1161,431,19764,21681,0
1151,2420,139,350136,9965,1214,410,19769,18955,0
1152,1946,141,349124,8080,1219,2976,12232,16020,0
1153,1369,124,352097,5626,0,330,9916,12583,1
1154,1892,132,350821,7787,1241,312,15211,14785,1
1155,2351,144,349760,9711,1838,5292,18710,13352,1
1156,1688,124,350126,6957,1223,320,13208,13387,0
1157,2097,131,350563,8700,3468,332,16065,15087,0
1158,1797,119,351005,7413,1945,317,12820,14880,1
1159,2054,119,348979,8555,2294,6636,10101,15211,0
1160,1761,140,350767,7255,965,385,14884,13118,0
1161,1953,135,348058,8142,2124,397,14543,15495,1
1162,1983,151,348176,8273,3748,382,14470,14462,0
1163,2740,167,346500,11575,5905,8142,17083,14541,0
1164,1474,160,346434,6213,1393,2167,10159,10848,1
1165,1461,168,348457,6126,0,3001,8806,12547,0
1166,1914,150,347710,7953,2260,1682,14315,13647,1
1167,1880,130,347015,7784,0,474,15120,15742,1
1168,2120,139,346212,8840,1146,2454,14821,16914,0
1169,1765,152,347824,7417,3743,441,14358,10875,1
1170,711,134,349297,2968,0,487,2952,8422,0
1171,1298,130,348224,5411,1785,471,7115,12274,1
1172,766,136,348122,3204,0,424,3605,8752,0
1173,935,120,347344,3935,0,425,7221,7951,1
1174,682,125,349908,2890,0,436,2928,8017,0
1175,1133,135,350620,4703,1108,351,5918,11518,1
1176,794,139,349965,3321,0,419,3970,8856,1
1177,1372,133,350714,5712,0,4674,3679,14521,0
1178,2557,252,351035,10691,4214,7645,15971,14788,0
1179,1760,168,350679,7316,846,397,10893,17199,0
1180,1822,130,350734,7483,1167,375,14916,13919,0
1181,1951,152,349461,8120,2071,320,15706,14421,1
1182,1645,148,349939,6799,1691,411,14076,11245,1
1183,2383,265,348475,9943,2848,5534,17973,13361,0
1184,1566,200,348460,6616,3464,918,7101,14628,1
1185,1791,164,348905,7456,778,436,15053,13597,0
1186,1542,167,347817,6423,0,457,10083,15170,1
1187,2009,185,347963,8392,1136,5851,13105,13393,0
1188,1562,166,347763,6548,1147,570,10845,13482,0
1189,1663,189,347651,6920,0,596,12591,14536,0
1190,1670,181,347455,6951,0,507,13275,14061,0
1191,1781,182,346936,7473,1670,3066,12652,12297,1
1192,1618,171,347556,6749,1142,557,13859,11418,1
1193,1822,186,347279,7733,2892,1153,13107,13217,0
1194,1994,209,346643,8354,1075,5832,12817,13521,1
1195,1679,186,348861,6974,0,611,13797,13590,0
1196,1651,205,347765,6910,1078,682,12547,13214,1
1197,1847,195,346194,7766,1067,3080,12483,14169,0
1198,1798,260,347577,7666,1083,7895,7118,13874,0
1199,1622,207,347791,6806,0,636,15420,10989,0
1200,1906,280,347161,8116,1760,571,13765,15678,0
1201,1923,201,345879,8154,1067,6313,12041,12642,0
1202,1687,144,348125,7025,1780,517,14393,11434,1
1203,1648,152,349593,6816,0,483,13074,13920,0
1204,1805,206,350279,7446,1778,648,17694,9967,0
1205,1690,238,348116,7092,1097,831,12687,13558,0
1206,1118,165,350863,4707,1755,1436,5503,9952,0
1207,1825,170,349551,7572,1154,613,12476,16187,1
1208,1596,184,348236,6689,1077,3440,11362,10737,0
1209,1649,165,348472,6852,145,669,13322,13351,0
1210,1233,162,349319,5141,1088,566,10595,8306,1
1211,1190,179,347447,5020,1044,960,8933,8899,1
1212,1603,175,347749,6817,5499,554,8851,11818,1
1213,1439,157,348489,5996,660,611,11949,10770,0
1214,1512,171,348098,6324,1097,646,13033,10435,0
1215,1660,179,347580,6979,1132,5871,9194,11475,1
1216,1872,167,346827,7812,2526,658,15667,12351,0
1217,1562,170,348468,6552,2837,592,12623,9982,0
1218,1557,149,347479,6549,553,3124,12571,9713,1
1219,1476,148,346580,6164,1104,618,12550,10329,0
1220,1708,166,347414,7146,1230,4255,13474,9517,0
1221,1833,175,346719,7676,1388,719,16668,11785,0
1222,1579,158,348379,6560,0,635,12902,12794,1
1223,1460,186,346674,6142,1062,653,12492,10141,0
1224,1180,177,347922,4946,0,623,10981,8071,0
1225,1518,306,347783,6602,4445,1483,8223,11155,1
1226,1542,238,346552,6510,0,2350,7595,15767,0
1227,1082,166,347373,4563,1038,460,7635,8912,0
1228,1250,162,348589,5206,0,545,8539,11765,0
1229,867,182,349228,3673,0,578,6035,7851,0
1230,1103,173,348882,4602,12,679,8102,9602,0
1231,1118,208,348217,4784,2695,659,6969,8320,0
1232,1320,192,346531,5658,1984,4885,6751,8382,0
1233,2187,233,346159,9248,1858,7966,14454,12187,0
1234,1411,153,341549,5988,980,534,11825,10182,0
1235,1516,154,339893,6483,0,1018,12007,12257,1
1236,1805,129,339992,7725,2969,2194,12183,12742,0
1237,1299,118,339824,5503,0,301,10280,11073,0
1238,1644,145,341994,6934,1053,332,13602,12413,0
1239,1533,173,348331,6458,3569,2435,10158,9395,0
1240,1566,205,347617,6679,2888,2636,9945,10639,0
1241,1467,144,347037,6134,0,403,12893,11168,0
1242,1571,152,349031,6543,1156,345,11418,13270,0
1243,2035,159,348071,8481,1036,4434,16362,12091,1
1244,1554,153,349860,6453,2123,1477,10546,11769,0
1245,1722,159,348576,7173,1045,334,16764,10559,0
1246,1944,232,348627,8221,3347,336,13670,15059,0
1247,2100,164,347002,8862,3361,3922,11888,15836,1
1248,1628,147,347558,6801,1014,367,15344,10411,0
1249,1421,149,347790,5930,0,370,11677,11639,0
1250,1426,151,347905,6013,2122,659,9864,11134,0
1251,1153,139,349129,4831,0,369,10101,8761,1
1252,1294,167,348133,5468,1073,381,10113,10006,1
1253,2095,212,344956,8865,2278,2441,17454,12756,0
1254,1487,253,346594,6333,864,416,9541,13971,0
1255,1341,228,347090,5718,1875,2467,7746,10267,0
1256,1198,203,345978,5170,474,451,10439,8613,0
1257,1387,241,344942,6026,914,4500,8530,9187,0
1258,1323,195,345486,5632,932,443,10669,10011,0
1259,1398,162,345656,5902,1020,413,11616,10253,0
1260,2049,205,345890,8698,4057,400,16635,13071,1
1261,1665,176,346272,7058,2405,2976,9708,12672,0
1262,1340,145,346593,5721,1710,2171,10461,7999,0
1263,1268,136,346378,5354,970,400,11858,7921,0
1264,980,129,346084,4198,0,656,8454,7238,0
1265,1394,164,345952,5982,2916,451,12304,7565,1
1266,1420,185,346002,6052,1695,397,12517,9066,0
1267,2009,293,347184,8777,10932,1253,12223,9086,0
1268,1746,291,347647,7614,7609,574,11365,9565,0
1269,1012,184,348956,4367,1821,488,6737,7822,1
1270,1362,198,347150,5808,1513,821,11374,8992,0
1271,1534,182,347308,6544,2774,4269,8255,10280,0
1272,1215,173,348039,5171,0,474,10870,8909,0
1273,1470,218,347692,6353,3439,468,11728,8876,1
1274,1973,271,346112,8416,2705,3657,16185,10342,0
1275,1674,253,347332,7286,4922,2516,9096,11371,0
1276,1217,178,347928,5203,958,473,10336,8532,0
1277,1223,179,346900,5217,0,488,10144,9767,1
1278,1768,183,346681,7464,1875,4999,10336,12258,0
1279,1028,168,346215,4393,0,488,8510,8135,0
1280,1332,171,346353,5682,977,454,11977,8797,0
1281,1416,210,348053,6068,2385,1803,9554,9861,0
1282,1672,144,346043,7091,1021,4195,12337,10322,1
1283,1660,169,346973,7124,3824,3525,11179,9153,1
1284,1520,209,346586,6597,968,6176,9230,8969,0
1285,1442,296,345597,6311,5740,1500,10188,6606,0
1286,1095,230,346765,4715,973,883,8090,8316,0
1287,1099,218,346363,4782,0,689,10466,7168,0
1288,981,294,347752,4323,921,1221,7939,6279,0
1289,1139,304,345524,5018,2665,764,7690,7880,0
1290,1471,280,346217,6296,0,809,12516,11197,1
1291,1368,322,346089,5994,1746,1979,8281,10807,0
1292,1384,238,346479,5894,398,806,5214,16650,0
1293,1349,288,344612,5834,877,921,7438,13247,0
1294,1140,297,345067,5032,822,932,6337,10924,0
1295,1120,314,347524,4926,0,968,6151,11548,0
1296,1538,280,346081,6569,860,804,6597,17373,0
1297,1113,233,347302,4797,841,837,6913,9975,0
1298,1005,192,346362,4328,0,771,8451,7543,0
1299,834,209,346546,3667,879,760,5762,6512,0
1300,1212,246,346037,5226,857,1350,8459,9544,0
1301,1083,314,346741,4785,0,625,5356,12076,0
1302,1154,281,345690,5054,907,1240,8921,8173,1
1303,1193,302,345274,5253,848,594,7781,10669,0
1304,1109,285,345914,4891,1724,646,6444,9678,0
1305,1382,287,346312,6106,2273,2826,7894,10042,0
1306,1409,248,346092,6135,1064,598,7575,14254,1
1307,1634,192,346134,6894,1071,2179,8203,15786,1
1308,820,196,347262,3581,0,568,3854,9245,1
1309,806,181,347305,3490,0,541,6094,6804,1
1310,812,169,347688,3481,0,498,3943,9092,0
1311,801,192,348263,3448,0,549,6105,6698,0
1312,855,218,347974,3698,9,550,5178,8526,1
1313,1064,244,348077,4614,2030,585,6178,8943,1
1314,1164,311,347313,5041,0,2151,5604,11652,0
1315,1176,285,345431,5073,897,2106,8295,8304,0
1316,921,285,346027,4011,0,2096,3892,9373,0
1317,1130,258,346002,4850,0,3732,7549,7559,0
1318,884,177,346950,3827,0,2246,4147,8342,0
1319,952,174,345067,4070,907,523,4042,10400,0
1320,862,182,346041,3720,801,544,7232,5800,0
1321,549,177,346153,2433,0,537,4158,4456,0
1322,551,172,345670,2440,0,534,4087,4566,0
1323,554,181,345140,2470,0,548,4272,4423,0
1324,555,184,345313,2477,0,558,4263,4440,0
1325,549,183,346892,2449,0,536,4191,4431,0
1326,615,177,347762,2668,0,527,4096,5630,0
1327,543,179,347613,2407,0,532,4116,4407,1
1328,533,173,348277,2353,0,517,4013,4361,1
1329,524,164,346972,2309,0,507,3947,4291,0
1330,527,168,347508,2329,0,520,3968,4303,0
1331,528,168,346657,2337,0,526,3958,4323,0
1332,535,171,347139,2359,0,515,4042,4360,0
1333,544,181,348414,2397,0,525,4141,4413,0
1334,542,176,346381,2407,0,542,4118,4373,0
1335,529,169,346744,2338,0,514,3982,4332,0
1336,534,165,347027,2353,0,508,4097,4299,1
1337,554,160,347278,2424,0,512,4471,4254,0
1338,1055,206,348028,4552,0,4361,5282,7956,0
1339,1129,185,347150,4921,1530,463,7328,9507,0
1340,1218,159,346871,5154,940,781,5948,12634,0
1341,1218,159,346871,5154,940,781,5948,12634,0
1342,1218,159,346871,5154,940,781,5948,12634,0
1343,1218,159,346871,5154,940,781,5948,12634,0
1344,1218,159,346871,5154,940,781,5948,12634,1
1345,1105,167,347239,4707,940,795,6045,10637,0
1346,765,206,348545,3352,0,565,6106,6089,1
1347,722,175,347915,3247,0,541,5712,5796,1
1348,980,161,347207,4240,969,522,8959,5890,0
1349,757,178,348211,3312,0,538,5078,7004,0
1350,2030,304,346837,8631,930,7583,12707,12624,0
1351,1442,237,349294,6165,2086,549,12983,8429,1
1352,1668,191,347051,7110,3005,534,13095,11174,0
1353,1494,180,347579,6310,940,1470,11790,10713,1
1354,1365,168,347317,5909,2099,1723,7958,10971,0
1355,1593,180,347418,6755,1947,1194,13990,9424,1
1356,1392,170,346958,5887,929,500,11785,9994,0
1357,1346,168,346368,5721,940,523,9747,11230,1
1358,1743,218,347186,7449,2605,734,13241,12484,0
1359,1323,187,348682,5707,1609,2732,7471,10238,1
1360,1422,161,348252,6058,3164,532,10174,9844,0
1361,1451,167,347436,6202,1929,922,11829,9517,0
1362,1303,171,347016,5575,1,495,7478,13756,1
1363,1238,167,346468,5330,1813,2128,7016,9688,0
1364,1328,200,348218,5647,966,654,10773,9742,0
1365,1463,235,348005,6209,930,1427,8996,13035,1
1366,1612,201,347932,6848,1805,2080,8891,14092,0
1367,1076,189,347263,4667,1301,798,6710,9129,0
1368,1430,197,346955,6101,1874,2705,10270,8995,0
1369,986,219,347467,4252,0,898,6018,9518,0
1370,1339,171,346192,5665,1038,739,10310,10241,1
1371,1497,196,346773,6376,1954,5496,9727,7783,1
1372,1247,161,347845,5273,982,754,11779,7284,0
1373,919,147,348064,3904,0,1307,5156,8863,1
1374,1682,195,347750,7179,3323,766,13262,10696,0
1375,1111,179,346922,4768,0,679,7969,9874,0
1376,1510,188,346543,6434,2472,1167,11768,9766,0
1377,1449,164,346643,6087,1021,755,12002,10386,0
1378,1327,185,346447,5649,1739,773,8666,10955,1
1379,1350,179,346400,5738,1739,729,9230,10810,1
1380,1350,179,346400,5738,1739,729,9230,10810,0
1381,1350,179,346400,5738,1739,729,9230,10810,1
1382,1403,169,346186,5953,2549,802,8980,11064,0
1383,1684,139,347361,7026,1579,648,13047,12799,0
1384,1248,153,348923,5190,0,771,7988,12045,0
1385,1504,157,346754,6296,1752,724,11307,11297,1
1386,1923,166,346612,8041,3972,741,13532,13809,1
1387,1830,202,348383,7773,5000,2564,7738,15209,0
1388,1775,187,346494,7485,1709,722,8252,18916,0
1389,1854,212,345483,7807,0,3012,12037,15861,0
1390,1315,140,347437,5494,1016,527,8055,12326,0
1391,1809,180,347911,7614,2159,543,12666,14797,0
1392,1510,200,347014,6384,964,710,9927,13573,0
1393,1611,254,345885,6826,959,1585,13132,11186,0
1394,1998,327,346092,8522,3325,773,10297,18920,0
1395,1622,268,345493,6941,1007,5006,8734,12296,0
1396,1579,170,345975,6741,1104,780,9812,14632,0
1397,2073,172,346751,8662,1988,611,16593,15372,1
1398,2135,215,346900,9015,2583,2441,14239,16322,0
1399,1596,201,346744,6751,712,827,10786,14280,0
1400,1000,167,348361,4228,0,645,7656,8365,0
1401,1047,185,348877,4412,995,666,4681,11114,0
1402,2713,261,348215,11380,2234,10218,16382,16397,1
1403,1925,219,348354,8140,1025,4110,9461,17503,0
1404,1727,162,348837,7248,2154,690,10330,15625,0
1405,1355,181,350600,5683,755,691,6757,14383,1
1406,1668,148,349629,6887,1106,478,12697,13533,0
1407,2293,213,348830,9633,3737,3883,13465,17135,0
1408,2392,269,349952,10038,1984,7543,13256,17091,0
1409,1163,159,349064,4884,0,541,6748,12099,1
1410,945,173,352642,3960,0,2488,4989,8288,0
1411,1260,153,354396,5216,0,2058,8269,10677,0
1412,1463,187,354605,6048,1103,2627,9087,11571,0
1413,1204,195,353870,5057,1075,726,3911,14361,1
1414,2152,195,350305,8969,2353,614,15303,17608,1
1415,1476,208,353513,6098,1430,678,5589,16910,1
1416,1383,187,354786,5670,0,634,8746,13672,0
1417,1191,186,353933,4927,0,574,5784,13493,0
1418,1293,176,351761,5413,1021,1108,6529,12896,0
1419,2555,252,350139,10794,6029,11193,10286,15077,0
1420,1736,180,351036,7276,0,790,12610,15534,0
1421,1805,193,343339,7697,3255,680,9803,16352,0
1422,1673,174,343348,7151,1026,621,6943,19306,1
1423,1825,145,342350,7737,1087,555,13038,15745,0
1424,2022,154,342414,8619,2097,583,12500,18521,0
1425,1946,153,344282,8231,1026,5858,13308,12250,0
1426,1773,152,343769,7567,3424,2216,6259,17660,1
1427,1836,151,343926,7826,2054,489,10308,17762,0
1428,2023,162,344639,8524,1051,589,13853,18226,1
1429,2038,203,344562,8686,5344,549,8758,19322,1
1430,1747,126,344950,7380,1075,4222,8918,14908,1
1431,1509,133,347324,6341,0,478,7949,16735,1
1432,1582,141,347691,6668,1153,491,8915,15808,0
1433,1652,206,347064,7022,2175,489,9449,15422,1
1434,1570,122,345667,6592,0,483,11914,13776,1
1435,2197,153,346475,9320,4367,2947,11433,17869,0
1436,900,119,347299,3798,0,506,4778,9731,0
1437,2041,142,345883,8660,4855,2110,10136,16924,0
1438,1577,137,346428,6731,1871,458,7611,16352,0
1439,1796,132,345644,7559,1096,2848,12224,13769,0
1440,1431,116,347812,6004,1076,426,5072,17278,0
1441,1488,120,303487,6259,1080,385,9989,13347,0
